<?xml version="1.0" encoding="utf-8"?>
<manifest xmlns="http://bbs.bcb5.com" versionCode="0.6,0.7,0.8,1.0">
	<application setting="false">
		<name><![CDATA[思远地方门户CMS]]></name>
		<identifie><![CDATA[siyuan_cms]]></identifie>
		<version><![CDATA[8.74]]></version>
		<type><![CDATA[business]]></type>
		<ability><![CDATA[瞬间帮您建立起强大的地方门户手机网站]]></ability>
		<description><![CDATA[瞬间帮您建立起强大的地方门户手机网站]]></description>
		<author><![CDATA[不错吧社区]]></author>
		<url><![CDATA[http://bbs.bcb5.com]]></url>
	</application>
	<platform>
		<subscribes>
		</subscribes>
		<handles>
			<message type="text" />
		</handles>
		<rule embed="false" />
		<card embed="false" />
	</platform>
	<bindings>
		<cover>
			<entry title="添加管理人员" do="admin_index" state="" direct="false" />
			<entry title="管理人员入口" do="admin" state="" direct="false" />
			<entry title="首页入口" do="index" state="" direct="false" />
		</cover>
		<menu>
			<entry title="控制面板" do="kongzhi" state="" direct="false" />
		</menu>
	</bindings>
	<permissions>
	</permissions>
	<install><![CDATA[inc/qdyma/install.php]]></install>
	<uninstall><![CDATA[inc/qdyma/uninstall.php]]></uninstall>
	<upgrade><![CDATA[inc/qdyma/update.php]]></upgrade>
</manifest>